Framework,Model,Data Scale,Data Rows,Train Rows,Test Rows,Features,Preprocessing Time (s),Training Time (s),Prediction Time (s),Total Time (s),RMSE,MAE,R2,Cluster Nodes,Partitions,Avg CPU Utilization (%),RAM Utilization (%),Peak RAM (GB),Disk Usage (GB),Disk I/O (MB/s),Network I/O (MB/s),CPU Cores Used,Worker 1 CPU (%),Worker 2 CPU (%),Worker 3 CPU (%),Worker 4 CPU (%),Worker 5 CPU (%),Worker 6 CPU (%),Worker 7 CPU (%)
Distributed,CatBoost,1M,998361,798788,199573,27,10.21,5.2,1.29,16.7,14.7858,10.5704,0.8421,1,5,71.1,41.9,5.03,1.42,60.1,8.9,4,70.2%,69.3%,70.4%,75.3%,70.2%,,
Single-Node,CatBoost,1M,998361,798788,199573,27,0.71,4.33,3.1,5.05,13.2308,9.3498,0.8736,1,1,55.0,57.6,4.61,0.82,44.5,0.0,4,,,,,,,
Distributed,LightGBM,1M,998361,798788,199573,27,10.21,12.12,0.8,132.13,14.2555,10.1061,0.8532,1,5,69.8,40.2,4.82,1.23,43.7,16.3,4,70.6%,66.3%,67.2%,75.5%,69.4%,,
Single-Node,LightGBM,1M,998361,798788,199573,27,0.71,8.41,1.6,9.72,13.2252,9.3607,0.8737,1,1,62.8,45.2,3.62,0.73,28.9,0.0,4,,,,,,,
Distributed,Random Forest,1M,998361,798788,199573,27,10.21,17.4,0.24,28.54,14.9563,10.8902,0.8385,1,5,68.6,44.0,5.28,1.35,67.2,11.3,4,67.8%,67.0%,70.1%,71.4%,66.8%,,
Single-Node,Random Forest,1M,998361,798788,199573,27,0.71,66.74,0.96,67.7,13.3939,9.4355,0.8705,1,1,52.3,53.2,4.26,0.72,44.7,0.0,4,,,,,,,
Distributed,XGBoost,1M,998361,798788,199573,27,10.21,4.81,1.39,16.41,14.14,10.0066,0.8556,1,5,70.8,40.9,4.91,1.4,62.9,11.9,4,71.4%,68.8%,69.4%,74.4%,70.0%,,
Single-Node,XGBoost,1M,998361,798788,199573,27,0.71,49.64,4.13,50.48,13.1885,9.3004,0.8744,1,1,63.0,53.1,4.25,0.85,43.6,0.0,4,,,,,,,
Distributed,CatBoost,3M,2994954,2396322,598632,27,9.74,9.78,2.15,21.67,14.8308,10.5635,0.8409,1,7,76.3,59.4,7.13,2.68,89.6,28.7,6,78.9%,69.2%,79.0%,75.1%,79.0%,77.3%,75.5%
Single-Node,CatBoost,3M,2994954,2396322,598632,27,2.5,52.39,5.03,14.92,13.2689,9.3576,0.8732,1,1,58.6,73.4,5.87,1.61,69.3,0.0,4,,,,,,,
Distributed,LightGBM,3M,2994954,2396322,598632,27,9.74,7.05,2.91,165.12,14.3321,10.1238,0.8514,1,7,78.3,56.3,6.76,2.58,96.3,22.7,6,80.5%,74.0%,82.4%,78.3%,79.3%,79.0%,74.5%
Single-Node,LightGBM,3M,2994954,2396322,598632,27,2.5,152.47,4.58,10.13,13.2515,9.3694,0.8736,1,1,58.4,65.1,5.21,2.12,71.2,0.0,4,,,,,,,
Distributed,Random Forest,3M,2994954,2396322,598632,27,9.74,66.66,1.85,78.26,15.0895,10.9988,0.8361,1,7,74.8,58.8,7.06,2.7,112.9,25.1,6,77.3%,72.6%,80.4%,71.9%,75.4%,73.7%,72.4%
Single-Node,Random Forest,3M,2994954,2396322,598632,27,2.5,269.06,3.49,272.05,13.396,9.432,0.8708,1,1,74.4,79.6,6.37,1.67,88.9,0.0,4,,,,,,,
Distributed,XGBoost,3M,2994954,2396322,598632,27,9.74,10.46,2.71,22.91,14.2033,10.0118,0.8541,1,7,77.9,60.8,7.3,3.08,95.9,19.5,6,78.8%,77.4%,78.8%,78.5%,81.2%,77.2%,73.3%
Single-Node,XGBoost,3M,2994954,2396322,598632,27,2.5,38.49,4.26,41.25,13.1731,9.2794,0.8751,1,1,71.7,80.1,6.41,1.83,77.0,0.0,4,,,,,,,
Distributed,CatBoost,5M,4989807,3992890,996917,27,8.56,15.64,4.03,28.22,14.8491,10.6146,0.8423,1,7,81.9,73.8,8.86,4.34,169.9,33.0,8,85.3%,80.2%,86.1%,83.6%,80.8%,80.0%,77.4%
Single-Node,CatBoost,5M,4989807,3992890,996917,27,4.64,32.71,9.12,37.47,13.2636,9.3486,0.8737,1,1,74.9,90.0,7.5,3.23,96.3,0.0,6,,,,,,,
Distributed,LightGBM,5M,4989807,3992890,996917,27,8.56,31.32,4.32,124.2,14.363,10.1808,0.8525,1,7,83.8,71.7,8.6,5.53,150.0,43.2,8,91.5%,81.8%,85.8%,78.1%,86.5%,82.1%,80.9%
Single-Node,LightGBM,5M,4989807,3992890,996917,27,4.64,120.27,5.87,39.79,13.2412,9.3544,0.8741,1,1,72.5,84.6,6.77,3.56,144.3,0.0,6,,,,,,,
Distributed,Random Forest,5M,4989807,3992890,996917,27,8.56,70.2,1.44,80.21,14.9297,10.8839,0.84,1,7,79.7,72.6,8.71,4.38,185.3,38.5,8,81.0%,80.3%,83.6%,80.5%,80.3%,76.9%,75.4%
Single-Node,Random Forest,5M,4989807,3992890,996917,27,4.64,456.12,3.83,462.59,13.3759,9.4172,0.8716,1,1,74.4,90.0,7.55,3.56,139.5,0.0,6,,,,,,,
Distributed,XGBoost,5M,4989807,3992890,996917,27,8.56,16.98,3.81,29.35,14.2411,10.0703,0.8549,1,7,80.6,77.8,9.33,4.69,175.9,37.9,8,80.4%,78.9%,83.8%,77.2%,80.1%,81.3%,82.3%
Single-Node,XGBoost,5M,4989807,3992890,996917,27,4.64,109.71,5.76,115.12,13.1432,9.2616,0.876,1,1,80.1,90.0,8.72,3.13,112.4,0.0,6,,,,,,,
